{
  "total_net_pnl": 242802.9708914185,
  "avg_return": 0.017506180948579295,
  "win_rate": 0.6349206349206349,
  "sharpe": 5.301814833448095,
  "sortino": 28.48449061258461,
  "max_drawdown": 29223.731627807618,
  "num_trades": 63,
  "exclusions": {
    "no_price": 71,
    "illiquid": 0,
    "too_small": 0
  }
}