{
  "total_net_pnl": -598159.009766159,
  "avg_return": -0.040001647214194094,
  "win_rate": 0.10256410256410256,
  "sharpe": -10.895761531743437,
  "sortino": -10.718228310543411,
  "max_drawdown": 585938.8354297638,
  "num_trades": 78,
  "exclusions": {
    "no_price": 56,
    "illiquid": 0,
    "too_small": 0,
    "missing_spy": 0
  }
}