{
  "total_net_pnl": 23461.006244715747,
  "avg_return": 0.006366535108125524,
  "win_rate": 0.5454545454545454,
  "sharpe": 1.540225386000927,
  "sortino": 1.8026972797103862,
  "max_drawdown": 6696.1686861657745,
  "num_trades": 55,
  "exclusions": {
    "no_price": 79,
    "illiquid": 0,
    "too_small": 0,
    "no_spy": 0
  }
}