{
  "total_net_pnl": 77746.69332015992,
  "avg_return": 0.004468234016977075,
  "win_rate": 0.5531914893617021,
  "avg_holding_days": 1.6702127659574468,
  "std_return": 0.03638880184721602,
  "sharpe": 1.9597057974304422,
  "sortino": 3.610062763344993,
  "max_drawdown": 90509.27341976167,
  "num_trades": 94,
  "exclusions": {
    "no_price": 40,
    "illiquid": 0,
    "too_small": 0
  }
}